<NotepadPlus>
    <InternalCommands>
        <Shortcut id="49000" Ctrl="yes" Alt="yes" Shift="yes" Key="221" />
    </InternalCommands>
    <Macros>
        <Macro name="higu_acentos" Ctrl="no" Alt="no" Shift="no" Key="0">
            <Action type="0" message="2178" wParam="0" lParam="0" sParam="" />
            <Action type="0" message="2178" wParam="0" lParam="0" sParam="" />
            <Action type="3" message="1700" wParam="0" lParam="0" sParam="" />
            <Action type="3" message="1601" wParam="0" lParam="0" sParam="&#x00E7;&#x00E3;o" />
            <Action type="3" message="1625" wParam="0" lParam="0" sParam="" />
            <Action type="3" message="1602" wParam="0" lParam="0" sParam="&#xFF86;&#xFF83;o" />
            <Action type="3" message="1702" wParam="0" lParam="770" sParam="" />
            <Action type="3" message="1701" wParam="0" lParam="1609" sParam="" />
            <Action type="0" message="2178" wParam="0" lParam="0" sParam="" />
            <Action type="3" message="1700" wParam="0" lParam="0" sParam="" />
            <Action type="3" message="1601" wParam="0" lParam="0" sParam="n&#x00E3;o" />
            <Action type="3" message="1625" wParam="0" lParam="0" sParam="" />
            <Action type="3" message="1602" wParam="0" lParam="0" sParam="n&#xFF83;o" />
            <Action type="3" message="1702" wParam="0" lParam="770" sParam="" />
            <Action type="3" message="1701" wParam="0" lParam="1609" sParam="" />
            <Action type="0" message="2178" wParam="0" lParam="0" sParam="" />
            <Action type="3" message="1700" wParam="0" lParam="0" sParam="" />
            <Action type="3" message="1601" wParam="0" lParam="0" sParam="&#x00C7;&#x00C3;O" />
            <Action type="3" message="1625" wParam="0" lParam="0" sParam="" />
            <Action type="3" message="1602" wParam="0" lParam="0" sParam="&#xFF89;&#xFF80;O" />
            <Action type="3" message="1702" wParam="0" lParam="770" sParam="" />
            <Action type="3" message="1701" wParam="0" lParam="1609" sParam="" />
            <Action type="0" message="2178" wParam="0" lParam="0" sParam="" />
            <Action type="3" message="1700" wParam="0" lParam="0" sParam="" />
            <Action type="3" message="1601" wParam="0" lParam="0" sParam="N&#x00C3;O" />
            <Action type="3" message="1625" wParam="0" lParam="0" sParam="" />
            <Action type="3" message="1602" wParam="0" lParam="0" sParam="N&#xFF80;O" />
            <Action type="3" message="1702" wParam="0" lParam="770" sParam="" />
            <Action type="3" message="1701" wParam="0" lParam="1609" sParam="" />
            <Action type="0" message="2178" wParam="0" lParam="0" sParam="" />
            <Action type="3" message="1700" wParam="0" lParam="0" sParam="" />
            <Action type="3" message="1601" wParam="0" lParam="0" sParam="&#x00F5;" />
            <Action type="3" message="1625" wParam="0" lParam="0" sParam="" />
            <Action type="3" message="1602" wParam="0" lParam="0" sParam="&#xFF77;" />
            <Action type="3" message="1702" wParam="0" lParam="770" sParam="" />
            <Action type="3" message="1701" wParam="0" lParam="1609" sParam="" />
            <Action type="0" message="2178" wParam="0" lParam="0" sParam="" />
            <Action type="3" message="1700" wParam="0" lParam="0" sParam="" />
            <Action type="3" message="1601" wParam="0" lParam="0" sParam="&#x00F3;" />
            <Action type="3" message="1625" wParam="0" lParam="0" sParam="" />
            <Action type="3" message="1602" wParam="0" lParam="0" sParam="&#xFF6B;" />
            <Action type="3" message="1702" wParam="0" lParam="770" sParam="" />
            <Action type="3" message="1701" wParam="0" lParam="1609" sParam="" />
            <Action type="0" message="2178" wParam="0" lParam="0" sParam="" />
            <Action type="3" message="1700" wParam="0" lParam="0" sParam="" />
            <Action type="3" message="1601" wParam="0" lParam="0" sParam="&#x00F3;" />
            <Action type="3" message="1625" wParam="0" lParam="0" sParam="" />
            <Action type="3" message="1602" wParam="0" lParam="0" sParam="&#xFF6B;" />
            <Action type="3" message="1702" wParam="0" lParam="770" sParam="" />
            <Action type="3" message="1701" wParam="0" lParam="1609" sParam="" />
            <Action type="0" message="2178" wParam="0" lParam="0" sParam="" />
            <Action type="0" message="2178" wParam="0" lParam="0" sParam="" />
            <Action type="3" message="1700" wParam="0" lParam="0" sParam="" />
            <Action type="3" message="1601" wParam="0" lParam="0" sParam="&#x00E3;" />
            <Action type="3" message="1625" wParam="0" lParam="0" sParam="" />
            <Action type="3" message="1602" wParam="0" lParam="0" sParam="&#xFF83;" />
            <Action type="3" message="1702" wParam="0" lParam="770" sParam="" />
            <Action type="3" message="1701" wParam="0" lParam="1609" sParam="" />
            <Action type="0" message="2178" wParam="0" lParam="0" sParam="" />
            <Action type="3" message="1700" wParam="0" lParam="0" sParam="" />
            <Action type="3" message="1601" wParam="0" lParam="0" sParam="&#x00F4;" />
            <Action type="3" message="1625" wParam="0" lParam="0" sParam="" />
            <Action type="3" message="1602" wParam="0" lParam="0" sParam="&#xFF9B;" />
            <Action type="3" message="1702" wParam="0" lParam="770" sParam="" />
            <Action type="3" message="1701" wParam="0" lParam="1609" sParam="" />
            <Action type="0" message="2178" wParam="0" lParam="0" sParam="" />
            <Action type="3" message="1700" wParam="0" lParam="0" sParam="" />
            <Action type="3" message="1601" wParam="0" lParam="0" sParam="&#x00E0;" />
            <Action type="3" message="1625" wParam="0" lParam="0" sParam="" />
            <Action type="3" message="1602" wParam="0" lParam="0" sParam="&#xFF9A;" />
            <Action type="3" message="1702" wParam="0" lParam="770" sParam="" />
            <Action type="3" message="1701" wParam="0" lParam="1609" sParam="" />
            <Action type="0" message="2178" wParam="0" lParam="0" sParam="" />
            <Action type="3" message="1700" wParam="0" lParam="0" sParam="" />
            <Action type="3" message="1601" wParam="0" lParam="0" sParam="&#x00E1;" />
            <Action type="3" message="1625" wParam="0" lParam="0" sParam="" />
            <Action type="3" message="1602" wParam="0" lParam="0" sParam="&#xFF67;" />
            <Action type="3" message="1702" wParam="0" lParam="770" sParam="" />
            <Action type="3" message="1701" wParam="0" lParam="1609" sParam="" />
            <Action type="0" message="2178" wParam="0" lParam="0" sParam="" />
            <Action type="3" message="1700" wParam="0" lParam="0" sParam="" />
            <Action type="3" message="1601" wParam="0" lParam="0" sParam="&#x00E2;" />
            <Action type="3" message="1625" wParam="0" lParam="0" sParam="" />
            <Action type="3" message="1602" wParam="0" lParam="0" sParam="&#xFF6F;" />
            <Action type="3" message="1702" wParam="0" lParam="770" sParam="" />
            <Action type="3" message="1701" wParam="0" lParam="1609" sParam="" />
            <Action type="0" message="2178" wParam="0" lParam="0" sParam="" />
            <Action type="3" message="1700" wParam="0" lParam="0" sParam="" />
            <Action type="3" message="1601" wParam="0" lParam="0" sParam="&#x00E9;" />
            <Action type="3" message="1625" wParam="0" lParam="0" sParam="" />
            <Action type="3" message="1602" wParam="0" lParam="0" sParam="&#xFF6A;" />
            <Action type="3" message="1702" wParam="0" lParam="770" sParam="" />
            <Action type="3" message="1701" wParam="0" lParam="1609" sParam="" />
            <Action type="0" message="2178" wParam="0" lParam="0" sParam="" />
            <Action type="3" message="1700" wParam="0" lParam="0" sParam="" />
            <Action type="3" message="1601" wParam="0" lParam="0" sParam="&#x00EA;" />
            <Action type="3" message="1625" wParam="0" lParam="0" sParam="" />
            <Action type="3" message="1602" wParam="0" lParam="0" sParam="&#xFF79;" />
            <Action type="3" message="1702" wParam="0" lParam="770" sParam="" />
            <Action type="3" message="1701" wParam="0" lParam="1609" sParam="" />
            <Action type="0" message="2178" wParam="0" lParam="0" sParam="" />
            <Action type="3" message="1700" wParam="0" lParam="0" sParam="" />
            <Action type="3" message="1601" wParam="0" lParam="0" sParam="&#x00ED;" />
            <Action type="3" message="1625" wParam="0" lParam="0" sParam="" />
            <Action type="3" message="1602" wParam="0" lParam="0" sParam="&#xFF68;" />
            <Action type="3" message="1702" wParam="0" lParam="770" sParam="" />
            <Action type="3" message="1701" wParam="0" lParam="1609" sParam="" />
            <Action type="0" message="2178" wParam="0" lParam="0" sParam="" />
            <Action type="3" message="1700" wParam="0" lParam="0" sParam="" />
            <Action type="3" message="1601" wParam="0" lParam="0" sParam="&#x00FA;" />
            <Action type="3" message="1625" wParam="0" lParam="0" sParam="" />
            <Action type="3" message="1602" wParam="0" lParam="0" sParam="&#xFF78;" />
            <Action type="3" message="1702" wParam="0" lParam="770" sParam="" />
            <Action type="3" message="1701" wParam="0" lParam="1609" sParam="" />
            <Action type="0" message="2178" wParam="0" lParam="0" sParam="" />
            <Action type="3" message="1700" wParam="0" lParam="0" sParam="" />
            <Action type="3" message="1601" wParam="0" lParam="0" sParam="&#x00E7;" />
            <Action type="3" message="1625" wParam="0" lParam="0" sParam="" />
            <Action type="3" message="1602" wParam="0" lParam="0" sParam="&#xFF86;" />
            <Action type="3" message="1702" wParam="0" lParam="770" sParam="" />
            <Action type="3" message="1701" wParam="0" lParam="1609" sParam="" />
            <Action type="0" message="2178" wParam="0" lParam="0" sParam="" />
            <Action type="3" message="1700" wParam="0" lParam="0" sParam="" />
            <Action type="3" message="1601" wParam="0" lParam="0" sParam="&#x00C9;" />
            <Action type="3" message="1625" wParam="0" lParam="0" sParam="" />
            <Action type="3" message="1602" wParam="0" lParam="0" sParam="&#xFF74;" />
            <Action type="3" message="1702" wParam="0" lParam="770" sParam="" />
            <Action type="3" message="1701" wParam="0" lParam="1609" sParam="" />
            <Action type="0" message="2178" wParam="0" lParam="0" sParam="" />
            <Action type="3" message="1700" wParam="0" lParam="0" sParam="" />
            <Action type="3" message="1601" wParam="0" lParam="0" sParam="&#x00C0;" />
            <Action type="3" message="1625" wParam="0" lParam="0" sParam="" />
            <Action type="3" message="1602" wParam="0" lParam="0" sParam="&#xFF8A;" />
            <Action type="3" message="1702" wParam="0" lParam="770" sParam="" />
            <Action type="3" message="1701" wParam="0" lParam="1609" sParam="" />
            <Action type="0" message="2178" wParam="0" lParam="0" sParam="" />
            <Action type="3" message="1700" wParam="0" lParam="0" sParam="" />
            <Action type="3" message="1601" wParam="0" lParam="0" sParam="&#x00D3;" />
            <Action type="3" message="1625" wParam="0" lParam="0" sParam="" />
            <Action type="3" message="1602" wParam="0" lParam="0" sParam="&#xFF6E;" />
            <Action type="3" message="1702" wParam="0" lParam="770" sParam="" />
            <Action type="3" message="1701" wParam="0" lParam="1609" sParam="" />
            <Action type="0" message="2178" wParam="0" lParam="0" sParam="" />
            <Action type="3" message="1700" wParam="0" lParam="0" sParam="" />
            <Action type="3" message="1601" wParam="0" lParam="0" sParam="&#x00D4;" />
            <Action type="3" message="1625" wParam="0" lParam="0" sParam="" />
            <Action type="3" message="1602" wParam="0" lParam="0" sParam="&#xFF71;" />
            <Action type="3" message="1702" wParam="0" lParam="770" sParam="" />
            <Action type="3" message="1701" wParam="0" lParam="1609" sParam="" />
            <Action type="0" message="2178" wParam="0" lParam="0" sParam="" />
            <Action type="3" message="1700" wParam="0" lParam="0" sParam="" />
            <Action type="3" message="1601" wParam="0" lParam="0" sParam="&#x00D5;" />
            <Action type="3" message="1625" wParam="0" lParam="0" sParam="" />
            <Action type="3" message="1602" wParam="0" lParam="0" sParam="&#xFF76;" />
            <Action type="3" message="1702" wParam="0" lParam="770" sParam="" />
            <Action type="3" message="1701" wParam="0" lParam="1609" sParam="" />
            <Action type="0" message="2178" wParam="0" lParam="0" sParam="" />
            <Action type="3" message="1700" wParam="0" lParam="0" sParam="" />
            <Action type="3" message="1601" wParam="0" lParam="0" sParam="&#x00C3;" />
            <Action type="3" message="1625" wParam="0" lParam="0" sParam="" />
            <Action type="3" message="1602" wParam="0" lParam="0" sParam="&#xFF80;" />
            <Action type="3" message="1702" wParam="0" lParam="770" sParam="" />
            <Action type="3" message="1701" wParam="0" lParam="1609" sParam="" />
            <Action type="0" message="2178" wParam="0" lParam="0" sParam="" />
            <Action type="3" message="1700" wParam="0" lParam="0" sParam="" />
            <Action type="3" message="1601" wParam="0" lParam="0" sParam="&#x00C2;" />
            <Action type="3" message="1625" wParam="0" lParam="0" sParam="" />
            <Action type="3" message="1602" wParam="0" lParam="0" sParam="&#xFF81;" />
            <Action type="3" message="1702" wParam="0" lParam="770" sParam="" />
            <Action type="3" message="1701" wParam="0" lParam="1609" sParam="" />
            <Action type="0" message="2178" wParam="0" lParam="0" sParam="" />
            <Action type="3" message="1700" wParam="0" lParam="0" sParam="" />
            <Action type="3" message="1601" wParam="0" lParam="0" sParam="&#x00C1;" />
            <Action type="3" message="1625" wParam="0" lParam="0" sParam="" />
            <Action type="3" message="1602" wParam="0" lParam="0" sParam="&#xFF82;" />
            <Action type="3" message="1702" wParam="0" lParam="770" sParam="" />
            <Action type="3" message="1701" wParam="0" lParam="1609" sParam="" />
            <Action type="0" message="2178" wParam="0" lParam="0" sParam="" />
            <Action type="3" message="1700" wParam="0" lParam="0" sParam="" />
            <Action type="3" message="1601" wParam="0" lParam="0" sParam="&#x00CA;" />
            <Action type="3" message="1625" wParam="0" lParam="0" sParam="" />
            <Action type="3" message="1602" wParam="0" lParam="0" sParam="&#xFF7A;" />
            <Action type="3" message="1702" wParam="0" lParam="770" sParam="" />
            <Action type="3" message="1701" wParam="0" lParam="1609" sParam="" />
            <Action type="0" message="2178" wParam="0" lParam="0" sParam="" />
            <Action type="3" message="1700" wParam="0" lParam="0" sParam="" />
            <Action type="3" message="1601" wParam="0" lParam="0" sParam="&#x00CD;" />
            <Action type="3" message="1625" wParam="0" lParam="0" sParam="" />
            <Action type="3" message="1602" wParam="0" lParam="0" sParam="&#xFF72;" />
            <Action type="3" message="1702" wParam="0" lParam="770" sParam="" />
            <Action type="3" message="1701" wParam="0" lParam="1609" sParam="" />
            <Action type="0" message="2178" wParam="0" lParam="0" sParam="" />
            <Action type="3" message="1700" wParam="0" lParam="0" sParam="" />
            <Action type="3" message="1601" wParam="0" lParam="0" sParam="&#x00DA;" />
            <Action type="3" message="1625" wParam="0" lParam="0" sParam="" />
            <Action type="3" message="1602" wParam="0" lParam="0" sParam="&#xFF8C;" />
            <Action type="3" message="1702" wParam="0" lParam="770" sParam="" />
            <Action type="3" message="1701" wParam="0" lParam="1609" sParam="" />
            <Action type="0" message="2178" wParam="0" lParam="0" sParam="" />
            <Action type="3" message="1700" wParam="0" lParam="0" sParam="" />
            <Action type="3" message="1601" wParam="0" lParam="0" sParam="&#x00C7;" />
            <Action type="3" message="1625" wParam="0" lParam="0" sParam="" />
            <Action type="3" message="1602" wParam="0" lParam="0" sParam="&#xFF89;" />
            <Action type="3" message="1702" wParam="0" lParam="770" sParam="" />
            <Action type="3" message="1701" wParam="0" lParam="1609" sParam="" />
        </Macro>
    </Macros>
    <UserDefinedCommands>
        <Command name="Launch in Firefox" Ctrl="yes" Alt="yes" Shift="yes" Key="88">firefox &quot;$(FULL_CURRENT_PATH)&quot;</Command>
        <Command name="Launch in IE" Ctrl="yes" Alt="yes" Shift="yes" Key="73">iexplore &quot;$(FULL_CURRENT_PATH)&quot;</Command>
        <Command name="Launch in Chrome" Ctrl="no" Alt="no" Shift="no" Key="116">chrome &quot;$(FULL_CURRENT_PATH)&quot;</Command>
        <Command name="Launch in Safari" Ctrl="yes" Alt="yes" Shift="yes" Key="70">safari &quot;$(FULL_CURRENT_PATH)&quot;</Command>
        <Command name="Get php help" Ctrl="no" Alt="yes" Shift="no" Key="112">http://www.php.net/$(CURRENT_WORD)</Command>
        <Command name="Google Search" Ctrl="no" Alt="yes" Shift="no" Key="113">https://www.google.com/search?q=$(CURRENT_WORD)</Command>
        <Command name="Wikipedia Search" Ctrl="no" Alt="yes" Shift="no" Key="114">https://en.wikipedia.org/wiki/Special:Search?search=$(CURRENT_WORD)</Command>
        <Command name="Open file" Ctrl="no" Alt="yes" Shift="no" Key="116">$(NPP_DIRECTORY)\notepad++.exe $(CURRENT_WORD)</Command>
        <Command name="Open in another instance" Ctrl="no" Alt="yes" Shift="no" Key="117">$(NPP_DIRECTORY)\notepad++.exe $(CURRENT_WORD) -nosession -multiInst</Command>
        <Command name="Send via Outlook" Ctrl="yes" Alt="yes" Shift="yes" Key="79">outlook /a &quot;$(FULL_CURRENT_PATH)&quot;</Command>
    </UserDefinedCommands>
    <PluginCommands />
    <ScintillaKeys />
</NotepadPlus>
